id,name,prefecture,latitude,longitude,source
1001,三笠,北海道,43.246601,141.80455,mlit
1002,スタープラザ　芦別,北海道,43.525518,142.188894,mlit
1003,南ふらの,北海道,43.169701,142.572798,mlit
1004,しらぬか恋問館,北海道,42.992735,144.198127,mlit
1005,びふか,北海道,44.558858,142.320033,mlit
1006,江差,北海道,41.894342,140.139289,mlit
1007,望羊中山,北海道,42.855177,141.096589,mlit
1008,えんべつ富士見,北海道,44.71412,141.793647,mlit
1009,忠類,北海道,42.558862,143.299194,mlit
1010,摩周温泉,北海道,43.492391,144.447719,mlit
1011,おといねっぷ,北海道,44.729078,142.257872,mlit
1012,かみゆうべつ温泉チューリップの湯,北海道,44.185182,143.595699,mlit
1013,いわない,北海道,42.983435,140.51678,mlit
1014,厚岸グルメパーク,北海道,43.05767,144.844018,mlit
1015,サンフラワー北竜,北海道,43.751048,141.875302,mlit
1016,みついし,北海道,42.220874,142.634226,mlit
1017,あっさぶ,北海道,41.916573,140.216154,mlit
1018,よってけ！島牧,北海道,42.686727,140.013417,mlit
1019,てっくいランド大成,北海道,42.212366,139.876681,mlit
1020,オホーツク紋別,北海道,44.328341,143.375004,mlit
1021,YOU･遊･もり,北海道,42.098901,140.568716,mlit
1022,おんねゆ温泉,北海道,43.754644,143.500531,mlit
1023,ルート２２９元和台,北海道,42.011397,140.106219,mlit
1024,ハウスヤルビ奈井江,北海道,43.433272,141.888802,mlit
1025,おびら鰊番屋,北海道,44.137022,141.654956,mlit
1026,マリーンアイランド岡島,北海道,44.878376,142.631813,mlit
1027,おこっぺ,北海道,44.469498,143.116955,mlit
1028,阿寒丹頂の里,北海道,43.14402,144.146957,mlit
1029,おとふけ,北海道,42.976584,143.207419,mlit
1030,ピンネシリ,北海道,44.877462,142.213402,mlit
1031,上ノ国もんじゅ,北海道,41.808496,140.094966,mlit
1032,オスコイ！かもえない,北海道,43.165359,140.385569,mlit
1033,なかさつない,北海道,42.69214,143.126839,mlit
1034,マオイの丘公園,北海道,42.94998,141.716616,mlit
1035,樹海ロード日高,北海道,42.87679,142.442007,mlit
1036,そうべつ情報館ｉ（アイ）,北海道,42.559133,140.899048,mlit
1037,ニセコビュープラザ,北海道,42.799492,140.702395,mlit
1038,しりうち,北海道,41.601259,140.335834,mlit
1039,横綱の里ふくしま,北海道,41.479134,140.255731,mlit
1040,サラブレッドロード新冠,北海道,42.359836,142.315691,mlit
1041,ピア２１しほろ,北海道,43.144312,143.239276,mlit
1042,香りの里たきのうえ,北海道,44.19689,143.090986,mlit
1043,田園の里うりゅう,北海道,43.662509,141.894022,mlit
1044,みたら室蘭,北海道,42.342012,140.943745,mlit
1045,とうま,北海道,43.844134,142.4895,mlit
1046,スペース・アップルよいち,北海道,43.188538,140.788781,mlit
1047,ほっと♡はぼろ,北海道,44.366565,141.707301,osm
1048,サロマ湖,北海道,44.099918,143.824142,mlit
1049,愛ランド湧別,北海道,44.13082,143.719206,mlit
1050,おうむ,北海道,44.583037,142.959733,mlit
1051,さるふつ公園,北海道,45.329219,142.177348,mlit
1052,森と湖の里ほろかない,北海道,44.114633,142.139546,mlit
1053,うたしないチロルの湯,北海道,43.503388,142.004244,mlit
1054,くろまつない,北海道,42.672709,140.380034,mlit
1055,たきかわ,北海道,43.62344,141.941478,mlit
1056,スワン４４ねむろ,北海道,43.261674,145.43837,mlit
1057,つるぬま,北海道,43.451601,141.835718,mlit
1058,なとわ・えさん,北海道,41.779487,141.10163,mlit
1059,つど～る・プラザ・さわら,北海道,42.125213,140.667698,osm
1060,知床・らうす,北海道,44.017454,145.192089,mlit
1061,さらべつ,北海道,42.633311,143.271848,mlit
1062,だて歴史の杜,北海道,42.471721,140.8771,mlit
1063,あさひかわ,北海道,43.76,142.348446,mlit
1064,自然体感しむかっぷ,北海道,42.978859,142.39758,mlit
1065,にしおこっぺ花夢,北海道,44.335988,142.868068,mlit
1066,オーロラタウン９３りくべつ,北海道,43.467863,143.742367,mlit
1067,はなやか（葉菜野花）小清水,北海道,43.933921,144.453268,mlit
1068,ライスランドふかがわ,北海道,43.699483,142.070593,mlit
1069,なかがわ,北海道,44.801691,142.067348,mlit
1070,２３０ルスツ,北海道,42.739929,140.884563,mlit
1071,てしお,北海道,44.884572,141.747755,mlit
1072,コスモール大樹,北海道,42.489824,143.273259,mlit
1073,ぐるっとパノラマ美幌峠,北海道,43.647837,144.24901,mlit
1074,らんこし・ふるさとの丘,北海道,42.762099,140.478985,mlit
1075,とようら,北海道,42.577551,140.722382,mlit
1076,メルヘンの丘めまんべつ,北海道,43.917336,144.188488,mlit
1077,むかわ四季の館,北海道,42.573973,141.925464,mlit
1078,あいおい,北海道,43.545622,143.980525,mlit
1079,しかおい,北海道,43.097713,142.990276,mlit
1080,しらたき,北海道,43.870061,143.076278,mlit
1081,あしょろ銀河ホール２１,北海道,43.244332,143.546455,mlit
1082,サーモンパーク千歳,北海道,42.833788,141.65933,mlit
1083,ひがしかわ「道草館」,北海道,43.697305,142.508814,mlit
1084,花ロードえにわ,北海道,42.897235,141.585675,mlit
1085,シェルプラザ・港,北海道,42.880182,140.370027,mlit
1086,真狩フラワーセンター,北海道,42.762321,140.807705,mlit
1087,鐘のなるまち・ちっぷべつ,北海道,43.764831,141.965963,mlit
1088,あぷた,北海道,42.528998,140.778736,mlit
1089,うりまく,北海道,43.169747,143.025023,mlit
1090,絵本の里けんぶち,北海道,44.093831,142.39098,mlit
1091,風Ｗとままえ,北海道,44.313303,141.656472,mlit
1092,しほろ温泉,北海道,43.138881,143.367911,mlit
1093,名水の郷きょうごく,北海道,42.858907,140.870902,mlit
1094,びえい「丘のくら」,北海道,43.592125,142.463786,mlit
1095,☆ロマン街道しょさんべつ,北海道,44.563504,141.776818,mlit
1096,うとろ・シリエトク,北海道,44.069073,144.990668,mlit
1097,しゃり,北海道,43.911771,144.664214,mlit
1098,パパスランドさっつる,北海道,43.790459,144.533995,mlit
1099,もち米の里☆なよろ,北海道,44.287419,142.413772,mlit
1100,みなとま～れ寿都,北海道,42.795586,140.231983,osm
1101,とうや湖,北海道,42.664511,140.82182,mlit
1102,流氷街道網走,北海道,44.022034,144.273893,mlit
1103,北前船 松前,北海道,41.426515,140.107232,mlit
1104,ステラ★ほんべつ,北海道,43.125634,143.61325,mlit
1105,ウトナイ湖,北海道,42.699951,141.694649,mlit
1106,うらほろ,北海道,42.813998,143.663657,mlit
1107,しんしのつ,北海道,43.214116,141.642701,mlit
1108,夕張メロード,北海道,42.93699,142.038078,mlit
1109,おだいとう,北海道,43.533413,145.236876,mlit
1110,縄文ロマン　南かやべ,北海道,41.927921,140.94475,mlit
1111,わっかない,北海道,45.41725,141.677348,mlit
1112,あかいがわ,北海道,43.050868,140.844843,mlit
1113,みそぎの郷　きこない,北海道,41.678052,140.435363,mlit
1114,しかべ間歇泉公園,北海道,42.028522,140.830553,mlit
1115,ノンキーランド　ひがしもこと,北海道,43.845319,144.294951,mlit
1116,北欧の風　道の駅とうべつ,北海道,43.177254,141.448498,mlit
1117,石狩「あいろーど厚田」,北海道,43.403873,141.43118,mlit
1118,なないろ・ななえ,北海道,41.925666,140.655973,mlit
1119,びえい「白金ビルケ」,北海道,43.503056,142.597223,mlit
1120,北オホーツクはまとんべつ,北海道,45.125347,142.360659,osm
1121,あびら D51ステーション,北海道,42.875794,141.818696,osm
1122,遠軽 森のオホーツク,北海道,44.021923,143.496349,osm
1123,るもい,北海道,43.944786,141.648563,osm
1124,かみしほろ,北海道,43.224498,143.291668,osm
1125,ガーデンスパ十勝川温泉,北海道,42.933282,143.300983,osm
1126,羊のまち 侍・しべつ,北海道,44.176339,142.392698,osm
1127,２７５つきがた,北海道,43.341922,141.680153,osm
1128,ふるびらたらこミュージアム,北海道,43.264917,140.638642,osm
2001,しちのへ,青森県,40.716825,141.15525,mlit
2002,はしかみ,青森県,40.458496,141.608433,mlit
2003,虹の湖,青森県,40.581966,140.687643,mlit
2004,わきのさわ,青森県,41.167961,140.80477,mlit
2005,かわうち湖,青森県,41.270398,140.888219,mlit
2006,しんごう,青森県,40.431758,141.074445,mlit
2007,ひろさき,青森県,40.554752,140.548795,mlit
2008,奥入瀬,青森県,40.586204,141.117434,mlit
2009,さんのへ,青森県,40.387808,141.255476,mlit
2010,なみおか,青森県,40.717928,140.579519,mlit
2011,十三湖高原,青森県,41.045391,140.385462,mlit
2012,いまべつ,青森県,41.145511,140.514335,mlit
2013,なんごう,青森県,40.406785,141.43043,mlit
2014,もりた,青森県,40.784406,140.322251,mlit
2015,浅虫温泉,青森県,40.891692,140.86137,mlit
2016,いかりがせき,青森県,40.481558,140.623165,mlit
2017,いなかだて,青森県,40.633619,140.577686,mlit
2018,よこはま,青森県,41.083731,141.256588,mlit
2019,みんまや,青森県,41.253834,140.346791,mlit
2020,こどまり,青森県,41.144905,140.320596,mlit
2021,みさわ,青森県,40.785414,141.363895,mlit
2022,とわだ,青森県,40.574645,141.264612,mlit
2023,つるた,青森県,40.737146,140.442705,mlit
2024,ふかうら,青森県,40.744223,140.000469,mlit
2025,おがわら湖,青森県,40.728039,141.274961,mlit
2026,たいらだて,青森県,41.174837,140.641197,mlit
2027,ろくのへ,青森県,40.606404,141.324727,mlit
2028,津軽白神,青森県,40.577739,140.300462,mlit
3001,石鳥谷,岩手県,39.483271,141.142137,mlit
3002,高田松原,岩手県,39.008465,141.62854,mlit
3003,区界高原,岩手県,39.651615,141.35353,mlit
3004,おおの,岩手県,40.279209,141.663408,mlit
3005,種山ヶ原,岩手県,39.179837,141.395881,mlit
3006,いわいずみ,岩手県,39.842305,141.862659,mlit
3007,のだ,岩手県,40.116105,141.818707,mlit
3008,たろう,岩手県,39.763489,141.965689,mlit
3009,たのはた,岩手県,39.909617,141.902577,mlit
3010,みずさわ,岩手県,39.094217,141.181477,mlit
3011,にしね,岩手県,39.879967,141.099379,mlit
3012,白樺の里やまがた,岩手県,40.150939,141.573518,mlit
3013,みやもり,岩手県,39.346052,141.351304,mlit
3014,紫波,岩手県,39.555555,141.206417,mlit
3015,はやちね,岩手県,39.536775,141.34049,mlit
3016,やまだ,岩手県,39.436905,141.973205,mlit
3017,遠野風の丘,岩手県,39.330925,141.501123,mlit
3018,さんりく,岩手県,39.121158,141.798998,mlit
3019,錦秋湖,岩手県,39.300719,140.875147,mlit
3020,くずまき高原,岩手県,39.984567,141.339958,mlit
3021,石神の丘,岩手県,39.968545,141.21381,mlit
3022,雫石あねっこ,岩手県,39.706412,140.874886,mlit
3023,とうわ,岩手県,39.382437,141.221895,mlit
3024,厳美渓,岩手県,38.946439,141.052885,mlit
3025,おりつめ,岩手県,40.248349,141.416529,mlit
3026,かわさき,岩手県,38.898677,141.272375,mlit
3027,やまびこ館,岩手県,39.648882,141.589162,mlit
3028,みやこ,岩手県,39.639018,141.969894,mlit
3029,三田貝分校,岩手県,39.871122,141.589311,mlit
3030,くじ,岩手県,40.189888,141.764639,mlit
3031,釜石仙人峠,岩手県,39.253633,141.781682,mlit
3032,平泉,岩手県,38.991816,141.121791,mlit
3033,むろね,岩手県,38.933199,141.447163,mlit
3034,はなまき西南,岩手県,39.365984,141.056011,osm
3035,青の国ふだい,岩手県,40.002834,141.885512,osm
3036,いわて北三陸,岩手県,40.4225,141.7572,approx
3037,だいとう,岩手県,43.532865,145.236871,osm
3038,もりおか渋民,岩手県,39.846233,141.173311,osm
3039,ふなこし,岩手県,39.436938,141.973199,osm
4001,七ヶ宿,宮城県,37.971123,140.505066,mlit
4002,津山,宮城県,38.619593,141.325525,mlit
4003,三本木,宮城県,38.521611,140.938388,mlit
4004,路田里はなやま,宮城県,38.794418,140.844319,mlit
4005,大谷海岸,宮城県,38.814009,141.566482,mlit
4006,おおさと,宮城県,38.424053,140.992791,mlit
4007,米山,宮城県,38.627118,141.187891,mlit
4008,あ・ら・伊達な道の駅,宮城県,38.70744,140.833294,mlit
4009,林林館,宮城県,38.742664,141.316076,mlit
4010,上品の郷,宮城県,38.501033,141.295318,mlit
4011,みなみかた,宮城県,38.66488,141.160641,mlit
4012,村田,宮城県,38.118639,140.717279,mlit
4013,三滝堂,宮城県,38.70797,141.327823,mlit
4014,おおさき,宮城県,38.579883,140.956586,osm
4015,かくだ,宮城県,37.968873,140.807476,osm
4016,おながわ,宮城県,38.44608,141.446659,osm
4017,さんさん南三陸,宮城県,38.678515,141.447947,osm
4018,硯上の里おがつ,宮城県,38.520178,141.468348,osm
4019,東松島,宮城県,38.424239,141.18326,osm
5001,たかのす,秋田県,40.251513,140.375856,mlit
5002,ふたつい,秋田県,40.21843,140.260873,mlit
5003,にしめ,秋田県,39.36288,140.014564,mlit
5004,やたて峠,秋田県,40.421034,140.624429,mlit
5005,はちもり,秋田県,40.421583,139.948678,mlit
5006,かづの,秋田県,40.18184,140.785215,mlit
5007,かみおか,秋田県,39.522147,140.376722,mlit
5008,ことおか,秋田県,40.022308,140.08035,mlit
5009,東由利,秋田県,39.301604,140.285026,mlit
5010,かみこあに,秋田県,40.063515,140.297203,mlit
5011,象潟,秋田県,39.220129,139.900182,mlit
5012,なかせん,秋田県,39.53854,140.533182,mlit
5013,おがち,秋田県,39.065139,140.460393,mlit
5014,てんのう,秋田県,39.856815,140.009563,mlit
5015,岩城,秋田県,39.542084,140.052933,mlit
5016,しょうわ,秋田県,39.864734,140.077799,mlit
5017,みねはま,秋田県,40.26685,140.028074,mlit
5018,さんない,秋田県,39.289317,140.625808,mlit
5019,おおうち,秋田県,39.442884,140.090156,mlit
5020,あに,秋田県,39.901824,140.456774,mlit
5021,ひない,秋田県,40.219348,140.585214,mlit
5022,五城目,秋田県,39.947086,140.144214,mlit
5023,清水の里・鳥海郷,秋田県,39.109541,140.291515,mlit
5024,美郷,秋田県,39.379494,140.567694,osm
5025,協和,秋田県,39.61884,140.362517,mlit
5026,十文字,秋田県,39.226174,140.521447,mlit
5027,おおがた,秋田県,40.015349,139.951518,mlit
5028,あきた港,秋田県,39.752708,140.061005,mlit
5029,こさか七滝,秋田県,40.356598,140.781686,mlit
5030,大館能代空港,秋田県,40.19197,140.371628,mlit
5031,うご,秋田県,39.200532,140.412438,mlit
5032,おおゆ,秋田県,40.295831,140.82593,mlit
5033,おが,秋田県,39.881945,139.848335,mlit
5034,十和田湖,秋田県,40.417713,140.857713,osm
6001,月山,山形県,38.586994,139.874501,mlit
6002,河北,山形県,38.41304,140.328447,mlit
6003,寒河江,山形県,38.399013,140.269891,mlit
6004,あつみ,山形県,38.580422,139.558109,mlit
6005,にしかわ,山形県,38.436059,140.099237,mlit
6006,いいで,山形県,38.026065,139.994671,mlit
6007,むらやま,山形県,38.487146,140.38231,mlit
6008,とざわ,山形県,38.728688,140.161431,mlit
6009,鳥海,山形県,39.060163,139.875583,mlit
6010,田沢,山形県,37.877658,139.984182,mlit
6011,白い森おぐに,山形県,38.071956,139.730609,mlit
6012,おおえ,山形県,38.367756,140.213291,mlit
6013,庄内みかわ,山形県,38.782805,139.84633,mlit
6014,たかはた,山形県,38.006775,140.217442,mlit
6015,天童温泉,山形県,38.354481,140.387127,mlit
6016,尾花沢,山形県,38.656902,140.363688,mlit
6017,白鷹ヤナ公園,山形県,38.218111,140.097322,mlit
6018,あさひまち,山形県,38.327388,140.169257,mlit
6019,しょうない,山形県,38.794158,139.984412,mlit
6020,川のみなと長井,山形県,38.108211,140.043516,mlit
6021,米沢,山形県,37.922055,140.137017,mlit
6022,やまがた蔵王,山形県,38.189648,140.312216,osm
6023,もがみ,山形県,38.760157,140.431416,osm
6024,新庄エコロジーガーデン原蚕の杜,山形県,38.781275,140.312086,osm
7001,つちゆ,福島県,37.65512,140.334294,mlit
7002,川俣,福島県,37.667818,140.576693,mlit
7003,たじま,福島県,37.08655,139.727599,mlit
7004,安達,福島県,37.635666,140.483688,mlit
7005,喜多の郷,福島県,37.701938,139.878264,mlit
7006,裏磐梯,福島県,37.665058,140.043753,mlit
7007,ならは,福島県,37.250006,140.997626,mlit
7008,そうま,福島県,37.761109,140.947952,mlit
7009,はなわ,福島県,36.950619,140.41452,mlit
7010,会津柳津,福島県,37.527693,139.722175,mlit
7011,ふくしま東和,福島県,37.569956,140.577349,mlit
7012,にしあいづ,福島県,37.585867,139.642595,mlit
7013,尾瀬街道みしま宿,福島県,37.477758,139.670802,mlit
7014,たまかわ,福島県,37.222832,140.418137,mlit
7015,羽鳥湖高原,福島県,37.239976,140.063392,mlit
7016,南相馬,福島県,37.635707,140.983582,mlit
7017,しもごう,福島県,37.203539,139.916343,mlit
7018,ひらた,福島県,37.250545,140.560032,mlit
7019,よつくら港,福島県,37.107429,140.992995,mlit
7020,ばんだい,福島県,37.562804,139.986633,mlit
7021,ふるどの,福島県,37.09313,140.529774,mlit
7022,番屋,福島県,37.068822,139.615486,mlit
7023,季の里天栄,福島県,37.24366,140.244786,mlit
7024,きらら２８９,福島県,37.221982,139.54266,mlit
7025,奥会津かねやま,福島県,37.471924,139.530583,mlit
7026,さくらの郷,福島県,37.53478,140.590248,mlit
7027,あいづ　湯川・会津坂下,福島県,37.556999,139.863136,mlit
7028,からむし織の里しょうわ,福島県,37.325463,139.630139,mlit
7029,猪苗代,福島県,37.538341,140.107459,mlit
7030,国見　あつかしの郷,福島県,37.872681,140.545612,mlit
7031,いいたて村の道の駅までい館,福島県,37.697267,140.735624,mlit
7032,尾瀬檜枝岐,福島県,37.032756,139.395721,mlit
7033,伊達の郷りょうぜん,福島県,37.766524,140.58845,mlit
7034,なみえ,福島県,37.49608,141.000254,osm
7035,ふくしま,福島県,37.569956,140.577349,mlit
7036,いわき・ら・ら・ミュウ,福島県,36.944613,140.905733,osm
7037,石川,福島県,37.636458,140.483756,osm
8001,かつら,茨城県,36.544969,140.333059,mlit
8002,みわ,茨城県,36.655857,140.280004,mlit
8003,さとみ,茨城県,36.705746,140.509682,mlit
8004,さかい,茨城県,36.102676,139.795303,mlit
8005,奥久慈だいご,茨城県,36.768585,140.359235,mlit
8006,しもつま,茨城県,36.215841,139.986596,mlit
8007,たまつくり,茨城県,36.096394,140.403763,mlit
8008,いたこ,茨城県,35.946132,140.589245,mlit
8009,ごか,茨城県,36.095277,139.758332,mlit
8010,まくらがの里　こが,茨城県,36.191431,139.789732,mlit
8011,日立おさかなセンター,茨城県,36.492354,140.615194,mlit
8012,常陸大宮,茨城県,36.596961,140.409616,mlit
8013,ひたちおおた,茨城県,36.510388,140.525476,mlit
8014,グランテラス筑西,茨城県,36.322817,139.993955,osm
8015,かさま,茨城県,36.354722,140.274671,osm
8016,常総,茨城県,36.084015,139.985191,osm
9001,もてぎ,栃木県,36.527826,140.172858,mlit
9002,にのみや,栃木県,36.367336,139.964996,mlit
9003,湯の香しおばら,栃木県,36.955797,139.89933,mlit
9004,那須高原友愛の森,栃木県,37.041532,140.013704,mlit
9005,明治の森・黒磯,栃木県,37.000375,139.984479,mlit
9006,ばとう,栃木県,36.747602,140.149871,mlit
9007,東山道伊王野,栃木県,36.954049,140.157412,mlit
9008,きつれがわ,栃木県,36.715499,140.032636,mlit
9009,どまんなか　たぬま,栃木県,36.343804,139.572073,mlit
9010,はが,栃木県,36.552381,140.058196,mlit
9011,那須与一の郷,栃木県,36.863018,140.087378,mlit
9012,那須野が原博物館,栃木県,36.899706,139.969139,mlit
9013,みかも,栃木県,36.296714,139.625248,mlit
9014,思川,栃木県,36.308182,139.760746,mlit
9015,湯西川,栃木県,36.930014,139.686957,mlit
9016,みぶ,栃木県,36.455269,139.806959,mlit
9017,にしかた,栃木県,36.466687,139.74318,mlit
9018,しもつけ,栃木県,36.397222,139.883764,mlit
9019,やいた,栃木県,36.805614,139.921615,mlit
9020,湧水の郷しおや,栃木県,36.764657,139.781407,mlit
9021,うつのみや　ろまんちっく村,栃木県,36.633391,139.831313,mlit
9022,サシバの里いちかい,栃木県,36.543766,140.10118,mlit
9023,日光,栃木県,36.724531,139.687888,mlit
9024,ましこ,栃木県,36.431168,140.071976,mlit
9025,たかねざわ　元気あっぷむら,栃木県,36.6478,139.9722,approx
10001,上野,群馬県,36.080532,138.784106,mlit
10002,ぐりーんふらわー牧場・大胡,群馬県,36.45906,139.136429,mlit
10003,六合,群馬県,36.607483,138.638618,mlit
10004,おのこ,群馬県,36.548114,138.952806,mlit
10005,上州おにし,群馬県,36.143093,139.040349,mlit
10006,川場田園プラザ,群馬県,36.687042,139.107301,mlit
10007,みなかみ水紀行館,群馬県,36.764515,138.96767,mlit
10008,白沢,群馬県,36.661698,139.120031,mlit
10009,草津運動茶屋公園,群馬県,36.614528,138.590048,mlit
10010,くろほね・やまびこ,群馬県,36.491184,139.271991,mlit
10011,ららん藤岡,群馬県,36.272136,139.071644,mlit
10012,こもち,群馬県,36.51514,139.016363,mlit
10013,月夜野矢瀬親水公園,群馬県,36.6976,138.981257,mlit
10014,みょうぎ,群馬県,36.299644,138.765967,mlit
10015,万葉の里,群馬県,36.109242,138.89783,mlit
10016,しもにた,群馬県,36.224036,138.802018,mlit
10017,富弘美術館,群馬県,36.552559,139.372849,mlit
10018,たくみの里,群馬県,36.69608,138.90835,mlit
10019,霊山たけやま,群馬県,36.608929,138.829756,mlit
10020,よしおか温泉,群馬県,36.441341,139.035164,mlit
10021,赤城の恵,群馬県,36.423695,139.128456,mlit
10022,甘楽,群馬県,36.233749,138.916653,mlit
10023,あぐりーむ昭和,群馬県,36.612775,139.068935,mlit
10024,オアシスなんもく,群馬県,36.178273,138.741708,mlit
10025,ふじみ,群馬県,36.469383,139.094239,mlit
10026,おおた,群馬県,36.264641,139.296421,mlit
10027,八ッ場ふるさと館,群馬県,36.547513,138.684273,mlit
10028,中山盆地,群馬県,36.622498,138.954257,mlit
10029,くらぶち小栗の里,群馬県,36.424511,138.79314,mlit
10030,あがつま峡,群馬県,36.57048,138.73569,mlit
10031,玉村宿,群馬県,36.308334,139.094585,mlit
10032,尾瀬かたしな,群馬県,36.773231,139.225238,mlit
10033,まえばし赤城,群馬県,36.437613,139.054347,osm
11001,あらかわ,埼玉県,35.954414,139.012634,mlit
11002,おがわまち,埼玉県,36.052384,139.281169,mlit
11003,川口・あんぎょう,埼玉県,35.848019,139.765769,mlit
11004,大滝温泉,埼玉県,35.95038,138.938199,mlit
11005,おかべ,埼玉県,36.218524,139.24128,mlit
11006,龍勢会館,埼玉県,36.049009,139.040109,mlit
11007,童謡のふる里おおとね,埼玉県,36.170307,139.645159,mlit
11008,はなぞの,埼玉県,36.121891,139.227294,mlit
11009,両神温泉薬師の湯,埼玉県,36.004772,138.970964,mlit
11010,かわもと,埼玉県,36.15151,139.289029,mlit
11011,めぬま,埼玉県,36.214557,139.369326,mlit
11012,ちちぶ,埼玉県,35.997441,139.089397,mlit
11013,アグリパークゆめすぎと,埼玉県,36.024632,139.76926,mlit
11014,果樹公園あしがくぼ,埼玉県,35.976907,139.135557,mlit
11015,いちごの里　よしみ,埼玉県,36.036356,139.457688,mlit
11016,かぞわたらせ,埼玉県,36.211135,139.662353,osm
11017,庄和,埼玉県,35.996791,139.79478,mlit
11018,はにゅう,埼玉県,36.188737,139.51077,mlit
11019,みなの,埼玉県,36.076959,139.10965,mlit
11020,和紙の里ひがしちちぶ,埼玉県,36.052482,139.203506,mlit
11021,べに花の郷おけがわ,埼玉県,35.993032,139.527202,osm
12001,とみうら,千葉県,35.037677,139.837131,mlit
12002,三芳村,千葉県,35.034101,139.894845,mlit
12003,やちよ,千葉県,35.758415,140.106749,mlit
12004,きょなん,千葉県,35.127971,139.8371,mlit
12005,鴨川オーシャンパーク,千葉県,35.063801,140.077089,mlit
12006,ローズマリー公園,千葉県,35.008739,139.975266,mlit
12007,ふれあいパーク・きみつ,千葉県,35.198557,140.069545,mlit
12008,しょうなん,千葉県,35.857771,140.023254,mlit
12009,たけゆらの里おおたき,千葉県,35.254825,140.258616,mlit
12010,多古,千葉県,35.731283,140.475285,mlit
12011,あずの里いちはら,千葉県,35.463859,140.109646,mlit
12012,くりもと,千葉県,35.805852,140.469942,mlit
12013,ちくら・潮風王国,千葉県,34.929901,139.952093,mlit
12014,富楽里とみやま,千葉県,35.100508,139.855614,mlit
12015,おおつの里,千葉県,35.057716,139.860365,mlit
12016,オライはすぬま,千葉県,35.601796,140.501594,mlit
12017,ながら,千葉県,35.457308,140.20666,mlit
12018,むつざわスマートウェルネスタウン・道の駅・つどいの郷,千葉県,35.353512,140.303099,osm
12019,白浜野島崎,千葉県,34.906249,139.877387,mlit
12020,水の郷さわら,千葉県,35.896313,140.505908,mlit
12021,風和里しばやま,千葉県,35.695064,140.41003,mlit
12022,和田浦　WA・O！,千葉県,35.042582,140.02057,mlit
12023,発酵の里こうざき,千葉県,35.90023,140.3797,mlit
12024,季楽里あさひ,千葉県,35.717856,140.675557,mlit
12025,保田小学校,千葉県,35.143021,139.843945,mlit
12026,みのりの郷東金,千葉県,35.577214,140.383675,mlit
12027,木更津 うまくたの里,千葉県,35.359948,140.052479,mlit
12028,いちかわ,千葉県,35.748842,139.919413,mlit
12029,グリーンファーム館山,千葉県,35.000687,139.906699,osm
13001,八王子滝山,東京都,35.686624,139.341475,mlit
14001,箱根峠,神奈川県,35.186764,139.01561,mlit
14002,山北,神奈川県,35.379876,139.031484,mlit
14003,清川,神奈川県,35.482522,139.277173,mlit
14004,足柄・金太郎のふるさと,神奈川県,35.325808,139.118616,osm
14005,湘南ちがさき,神奈川県,35.320274,139.378333,osm
15001,豊栄,新潟県,37.957911,139.22301,mlit
15002,加治川,新潟県,38.002344,139.372422,mlit
15003,神林,新潟県,38.172483,139.461065,mlit
15004,朝日,新潟県,38.28213,139.522424,mlit
15005,新潟ふるさと村,新潟県,37.866345,139.020212,mlit
15006,能生,新潟県,37.113566,138.003775,mlit
15007,みかわ,新潟県,37.717757,139.360096,mlit
15008,関川,新潟県,38.091473,139.567001,mlit
15009,ちぢみの里おぢや,新潟県,37.305143,138.822908,mlit
15010,阿賀の里,新潟県,37.738014,139.307189,mlit
15011,笹川流れ,新潟県,38.375179,139.458521,mlit
15012,越後出雲崎　天領の里,新潟県,37.538886,138.678709,mlit
15013,胎内,新潟県,38.06349,139.452974,mlit
15014,ゆのたに,新潟県,37.22384,138.983034,mlit
15015,良寛の里　わしま,新潟県,37.581607,138.75906,mlit
15016,まつだいふるさと会館,新潟県,37.132612,138.613829,mlit
15017,越後市振の関,新潟県,36.979982,137.644765,mlit
15018,クロス１０十日町,新潟県,37.138442,138.761379,mlit
15019,漢学の里しただ,新潟県,37.541809,139.102003,mlit
15020,風の丘米山,新潟県,37.346515,138.489921,mlit
15021,いりひろせ,新潟県,37.355921,139.057244,mlit
15022,西山ふるさと公苑,新潟県,37.450675,138.662132,mlit
15023,あらい,新潟県,37.026118,138.225886,mlit
15024,Ｒ２９０とちお,新潟県,37.4596,139.007266,mlit
15025,あいぽーと佐渡,新潟県,38.083912,138.436141,osm
15026,親不知ピアパーク,新潟県,37.003157,137.730284,mlit
15027,瀬替えの郷せんだ,新潟県,37.199042,138.686354,mlit
15028,雪のふるさと　やすづか,新潟県,37.095594,138.470325,mlit
15029,じょんのびの里高柳,新潟県,37.213362,138.634208,mlit
15030,花夢里にいつ,新潟県,37.792591,139.078895,mlit
15031,国上,新潟県,37.662885,138.82518,mlit
15032,越後川口,新潟県,37.260895,138.867639,mlit
15033,よしかわ杜氏の郷,新潟県,37.241652,138.376971,mlit
15034,うみてらす名立,新潟県,37.163533,138.086691,mlit
15035,南魚沼,新潟県,37.003069,138.819214,mlit
15036,パティオにいがた,新潟県,37.546709,138.883471,mlit
15037,みつまた,新潟県,36.899692,138.777175,mlit
15038,燕三条地場産センター,新潟県,37.649263,138.933464,mlit
15039,庭園の郷 保内,新潟県,37.647125,139.026294,mlit
15040,たがみ,新潟県,37.69854,139.05878,osm
15041,ながおか花火館,新潟県,37.455291,138.804645,osm
15042,あがの,新潟県,37.836959,139.164847,osm
16001,細入,富山県,36.488578,137.238122,mlit
16002,砺波,富山県,36.641487,136.960092,mlit
16003,上平,富山県,36.377491,136.871469,mlit
16004,利賀,富山県,36.524368,137.026689,mlit
16005,井波,富山県,36.561509,136.977887,mlit
16006,福光,富山県,36.56642,136.861892,mlit
16007,たいら,富山県,36.445401,136.973962,mlit
16008,庄川,富山県,36.574333,136.979909,mlit
16009,うなづき,富山県,36.860426,137.541559,mlit
16010,まるごと射水,富山県,36.7686,137.0719,approx
16011,ウェーブパークなめりかわ,富山県,36.774377,137.344456,mlit
16012,氷見,富山県,36.864417,136.98721,mlit
16013,万葉の里　高岡,富山県,36.736714,136.969352,mlit
16014,メルヘンおやべ,富山県,36.689471,136.876688,mlit
16015,雨晴,富山県,36.814906,137.041623,mlit
16016,KOKOくろべ,富山県,36.876704,137.428275,osm
17001,千枚田ポケットパーク,石川県,37.424166,136.997631,mlit
17002,高松,石川県,36.786301,136.724691,mlit
17003,いおり,石川県,37.028825,137.04653,mlit
17004,桜峠,石川県,37.331392,137.011255,mlit
17005,しらやまさん,石川県,36.436858,136.630473,mlit
17006,なかじまロマン峠,石川県,37.130547,136.863246,mlit
17007,赤神,石川県,37.248239,136.709447,mlit
17008,とぎ海街道,石川県,37.140177,136.724883,mlit
17009,輪島,石川県,37.388618,136.905971,mlit
17010,ころ柿の里しか,石川県,37.006873,136.780021,mlit
17011,瀬女,石川県,36.288121,136.649387,mlit
17012,一向一揆の里,石川県,36.360442,136.599083,mlit
17013,のと里山空港,石川県,37.295041,136.957128,mlit
17014,倶利伽羅　源平の郷,石川県,36.662745,136.768516,mlit
17015,山中温泉　ゆけむり健康村,石川県,36.2377,136.367516,mlit
17016,のとじま,石川県,37.137359,136.998241,mlit
17017,すず塩田村,石川県,37.486335,137.113786,mlit
17018,内灘サンセットパーク,石川県,36.659196,136.648897,mlit
17019,能登食祭市場,石川県,37.048985,136.968984,mlit
17020,こまつ木場潟,石川県,36.370006,136.46236,mlit
17021,狼煙,石川県,37.525975,137.324423,mlit
17022,すずなり,石川県,37.441561,137.269964,mlit
17023,織姫の里なかのと,石川県,36.969954,136.904789,mlit
17024,あなみず,石川県,37.228375,136.905684,mlit
17025,のと千里浜,石川県,36.886027,136.768455,mlit
17026,めぐみ白山,石川県,36.506041,136.553443,mlit
18001,河野,福井県,35.796725,136.091944,mlit
18002,九頭竜,福井県,35.904237,136.661465,mlit
18003,パークイン丹生ヶ丘,福井県,35.969483,136.119514,mlit
18004,名田庄,福井県,35.394631,135.584223,mlit
18005,みくに,福井県,36.189567,136.139071,mlit
18006,若狭熊川宿,福井県,35.440696,135.906077,mlit
18007,さかい,福井県,36.17097,136.220972,mlit
18008,シーサイド高浜,福井県,35.489052,135.595496,mlit
18009,若狭おばま,福井県,35.491969,135.763095,mlit
18010,うみんぴあ大飯,福井県,35.481269,135.62998,mlit
18011,西山公園,福井県,35.948661,136.180677,mlit
18012,越前,福井県,35.91988,135.997047,mlit
18013,三方五湖,福井県,35.56019,135.894361,mlit
18014,一乗谷あさくら水の駅,福井県,36.020564,136.29458,mlit
18015,禅の里,福井県,36.080049,136.398654,mlit
18016,恐竜渓谷かつやま,福井県,36.071073,136.479082,osm
18017,越前おおの荒島の郷,福井県,35.91988,135.997047,mlit
18018,南えちぜん山海里,福井県,35.831581,136.201384,osm
18019,越前たけふ,福井県,35.91988,135.997047,mlit
18020,蓮如の里あわら,福井県,36.288699,136.251583,osm
18021,若狭美浜はまびより,福井県,35.604326,135.936056,osm
19001,とみざわ,山梨県,35.241785,138.485051,mlit
19002,甲斐大和,山梨県,35.635934,138.792714,mlit
19003,なるさわ,山梨県,35.480152,138.698504,mlit
19004,みとみ,山梨県,35.862552,138.75525,mlit
19005,しもべ,山梨県,35.469985,138.512894,mlit
19006,とよとみ,山梨県,35.58494,138.545212,mlit
19007,にらさき,山梨県,35.748412,138.43859,mlit
19008,どうし,山梨県,35.503387,138.989848,mlit
19009,かつやま,山梨県,35.504346,138.734305,mlit
19010,花かげの郷まきおか,山梨県,35.754462,138.718368,mlit
19011,はくしゅう,山梨県,35.810325,138.330655,mlit
19012,富士吉田,山梨県,35.459186,138.80198,mlit
19013,南きよさと,山梨県,35.865738,138.427786,mlit
19014,しらね,山梨県,35.638031,138.471159,mlit
19015,こぶちさわ,山梨県,35.878901,138.316714,mlit
19016,みのぶ,山梨県,35.418592,138.437249,mlit
19017,たばやま,山梨県,35.78926,138.923819,mlit
19018,富士川,山梨県,35.557015,138.472064,mlit
19019,こすげ,山梨県,35.75396,138.949946,mlit
19020,つる,山梨県,35.582917,138.931227,mlit
19021,なんぶ,山梨県,35.306755,138.446941,mlit
19022,にしじま和紙の里かみすきパーク,山梨県,35.4583,138.4475,approx
20001,信州新町,長野県,36.585417,138.052742,mlit
20002,長野市大岡特産センター,長野県,36.526393,137.958136,mlit
20003,信越さかえ,長野県,36.988484,138.58168,mlit
20004,小坂田公園,長野県,36.106347,137.988191,mlit
20005,池田,長野県,36.397074,137.884637,mlit
20006,中条,長野県,36.6038,138.01617,mlit
20007,みまき,長野県,36.334784,138.359566,mlit
20008,白馬,長野県,36.65359,137.847327,mlit
20009,ふるさと豊田,長野県,36.800516,138.322324,mlit
20010,マルメロの駅ながと,長野県,36.272941,138.257588,mlit
20011,ほっとぱ～く・浅科,長野県,36.257386,138.404216,osm
20012,アルプス安曇野　ほりがねの里,長野県,36.293496,137.87772,mlit
20013,安曇野松川,長野県,36.396278,137.867643,mlit
20014,風穴の里,長野県,36.153326,137.752097,mlit
20015,北信州やまのうち,長野県,36.741351,138.404622,mlit
20016,上田　道と川の駅,長野県,36.407122,138.205586,mlit
20017,信州蔦木宿,長野県,35.863269,138.276911,mlit
20018,しなの,長野県,36.818291,138.190162,mlit
20019,小谷,長野県,36.845261,137.90044,mlit
20020,さかきた,長野県,36.426378,138.012124,mlit
20021,ぽかぽかランド美麻,長野県,36.605338,137.895563,mlit
20022,オアシスおぶせ,長野県,36.689123,138.294865,mlit
20023,雷電くるみの里,長野県,36.355715,138.373897,mlit
20024,花の駅　千曲川,長野県,36.881511,138.387761,mlit
20025,あおき,長野県,36.372865,138.140884,mlit
20026,おがわ,長野県,36.6133,137.990556,mlit
20027,美ヶ原高原,長野県,36.230635,138.140325,mlit
20028,今井　恵みの里,長野県,36.148281,137.902754,mlit
20029,FARMUS 木島平,長野県,36.852148,138.388223,mlit
20030,ヘルシーテラス佐久南,長野県,36.236692,138.440822,mlit
20031,女神の里たてしな,長野県,36.276288,138.331675,mlit
20032,いくさかの郷,長野県,36.424169,137.931389,mlit
20033,野沢温泉,長野県,36.959894,138.447878,osm
20034,ビーナスライン蓼科湖,長野県,36.051434,138.257739,osm
20035,和田宿ステーション,長野県,36.2057,138.213757,osm
20036,日義木曽駒高原,長野県,35.86647,137.740033,mlit
20037,大桑,長野県,35.682094,137.653467,mlit
20038,奈良井木曽の大橋,長野県,35.965946,137.814405,mlit
20039,信州平谷,長野県,35.324356,137.631746,mlit
20040,信濃路下條,長野県,35.417125,137.794249,mlit
20041,南アルプスむら長谷,長野県,35.809814,138.083709,mlit
20042,木曽ならかわ,長野県,35.986202,137.841959,mlit
20043,三岳,長野県,35.822559,137.648074,mlit
20044,信州新野千石平,長野県,35.257481,137.745387,mlit
20045,花の里いいじま,長野県,35.662005,137.910046,mlit
20046,遠山郷,長野県,35.321346,137.930944,mlit
20047,木曽福島,長野県,35.817661,137.682277,mlit
20048,木曽川源流の里　きそむら,長野県,35.930724,137.785829,mlit
20049,田切の里,長野県,35.691023,137.939944,mlit
20050,南信州とよおかマルシェ,長野県,35.544442,137.891347,mlit
20051,大芝高原,長野県,35.886668,137.94389,mlit
20052,南信州　うるぎ,長野県,35.273889,137.709445,mlit
20053,歌舞伎の里大鹿,長野県,35.565001,138.036947,mlit
20054,八千穂高原,長野県,36.128672,138.465193,osm
21001,美並,岐阜県,35.609205,136.943142,mlit
21002,パスカル清見,岐阜県,35.940625,137.082695,mlit
21003,明宝,岐阜県,35.844793,137.02843,mlit
21004,花街道付知,岐阜県,35.642685,137.441553,mlit
21005,美濃白川,岐阜県,35.604009,137.173861,mlit
21006,ラステンほらど,岐阜県,35.596361,136.7983,mlit
21007,白山文化の里長滝,岐阜県,35.923087,136.831911,osm
21008,奥飛騨温泉郷上宝,岐阜県,36.249002,137.499654,mlit
21009,賤母,岐阜県,35.586112,137.550439,mlit
21010,ロック・ガーデン　ひちそう,岐阜県,35.533911,137.11445,mlit
21011,星のふる里　ふじはし,岐阜県,35.577413,136.462913,mlit
21012,白川郷,岐阜県,36.278927,136.901539,mlit
21013,平成,岐阜県,35.552245,136.997292,mlit
21014,アルプ飛騨古川,岐阜県,36.220446,137.192351,mlit
21015,飛騨金山ぬく森の里温泉,岐阜県,35.668911,137.147179,mlit
21016,上矢作ラ・フォーレ福寿の里,岐阜県,35.323636,137.471578,mlit
21017,モンデウス飛騨位山,岐阜県,36.061868,137.225696,mlit
21018,南飛騨小坂,岐阜県,35.931458,137.294345,mlit
21019,夢さんさん谷汲,岐阜県,35.531481,136.585564,mlit
21020,土岐美濃焼街道,岐阜県,35.336059,137.22319,mlit
21021,富有柿の里いとぬき,岐阜県,35.472554,136.676047,mlit
21022,ななもり清見,岐阜県,36.133976,137.16621,mlit
21023,きりら坂下,岐阜県,35.57043,137.534574,mlit
21024,クレール平田,岐阜県,35.274715,136.671057,mlit
21025,馬瀬　美輝の里,岐阜県,35.819913,137.187413,mlit
21026,飛騨街道　なぎさ,岐阜県,36.006871,137.291661,mlit
21027,ひだ朝日村,岐阜県,36.087964,137.350572,mlit
21028,そばの郷　らっせぃみさと,岐阜県,35.405708,137.358747,mlit
21029,織部の里・もとす,岐阜県,35.500115,136.667187,mlit
21030,飛騨たかね工房,岐阜県,36.046476,137.440741,mlit
21031,大日岳,岐阜県,35.987643,136.891074,mlit
21032,桜の郷　荘川,岐阜県,36.021213,136.965612,mlit
21033,むげ川,岐阜県,35.515183,136.854122,mlit
21034,古今伝授の里やまと,岐阜県,35.816091,136.901735,mlit
21035,みのかも,岐阜県,35.473664,137.029861,osm
21036,茶の里東白川,岐阜県,35.667783,137.352421,mlit
21037,和良,岐阜県,35.742508,137.067787,mlit
21038,うすずみ桜の里・ねお,岐阜県,35.660163,136.589241,mlit
21039,志野・織部,岐阜県,35.394143,137.188131,mlit
21040,加子母,岐阜県,35.708782,137.374753,mlit
21041,夜叉ヶ池の里さかうち,岐阜県,35.602032,136.413732,mlit
21042,おばあちゃん市・山岡,岐阜県,35.328255,137.306444,mlit
21043,月見の里　南濃,岐阜県,35.215087,136.600691,mlit
21044,柳津,岐阜県,35.370094,136.731357,mlit
21045,五木のやかた・かわうえ,岐阜県,35.602352,137.501864,mlit
21046,宙ドーム・神岡,岐阜県,36.329017,137.307189,mlit
21047,白尾ふれあいパーク,岐阜県,35.889671,136.891924,mlit
21048,美濃にわか茶屋,岐阜県,35.554599,136.913733,mlit
21049,飛騨白山,岐阜県,36.17388,136.901648,mlit
21050,半布里の郷　とみか,岐阜県,35.47432,136.980146,mlit
21051,可児ッテ「ＣＡＮＩＴＴＥ」,岐阜県,35.430055,137.101163,mlit
21052,池田温泉,岐阜県,35.419442,136.559814,mlit
21053,清流白川　クオーレの里,岐阜県,35.595447,137.218983,mlit
21054,清流の里しろとり,岐阜県,35.881564,136.854767,mlit
21055,パレットピアおおの,岐阜県,35.431918,136.628084,mlit
22001,富士,静岡県,35.13341,138.647042,mlit
22002,くんま水車の里,静岡県,34.960824,137.733228,mlit
22003,花の三聖苑伊豆松崎,静岡県,34.757783,138.825399,mlit
22004,宇津ノ谷峠,静岡県,34.92545,138.300822,mlit
22005,いっぷく処横川,静岡県,34.905492,137.872054,mlit
22006,フォーレなかかわね茶茗舘,静岡県,35.070447,138.107828,mlit
22007,天城越え,静岡県,34.855828,138.921935,mlit
22008,奥大井音戯の郷,静岡県,35.108421,138.136842,mlit
22009,朝霧高原,静岡県,35.413319,138.591292,mlit
22010,川根温泉,静岡県,34.959886,138.089691,mlit
22011,富士川楽座,静岡県,35.161828,138.618619,mlit
22012,玉露の里,静岡県,34.950728,138.251558,mlit
22013,天竜相津　花桃の里,静岡県,34.911788,137.815006,mlit
22014,伊東マリンタウン,静岡県,34.984643,139.094386,mlit
22015,開国下田みなと,静岡県,34.67482,138.950877,mlit
22016,掛川,静岡県,34.794201,138.076064,mlit
22017,ふじおやま,静岡県,35.344451,138.950084,mlit
22018,潮見坂,静岡県,34.677282,137.499227,mlit
22019,伊豆のへそ,静岡県,35.011785,138.941065,mlit
22020,下賀茂温泉　湯の花,静岡県,34.64971,138.86658,mlit
22021,すばしり,静岡県,35.362702,138.858767,mlit
22022,風のマルシェ　御前崎,静岡県,34.640677,138.110751,mlit
22023,くるら戸田,静岡県,34.9713,138.7868,mlit
22024,伊豆ゲートウェイ函南 ,静岡県,35.075604,138.926014,mlit
22025,伊豆月ケ瀬,静岡県,34.922473,138.932076,osm
22026,そらっと牧之原,静岡県,34.77714,138.212705,osm
22027,ゆとりえせとや,静岡県,34.93,138.24,approx
23001,豊根グリーンポート宮嶋,愛知県,35.179164,137.682677,mlit
23002,鳳来三河三石,愛知県,34.902591,137.613393,mlit
23003,田原めっくんはうす,愛知県,34.661362,137.272428,mlit
23004,伊良湖クリスタルポルト,愛知県,34.583626,137.020198,mlit
23005,つぐ高原グリーンパーク,愛知県,35.197553,137.609167,mlit
23006,どんぐりの里　いなぶ,愛知県,35.213905,137.503069,mlit
23007,アグリステーションなぐら,愛知県,35.172967,137.534721,mlit
23008,デンパーク安城,愛知県,34.930514,137.058186,mlit
23009,つくで手作り村,愛知県,34.963197,137.420692,mlit
23010,ふれあいの里HASUパーク,愛知県,34.7472,137.4439,approx
23011,あかばねロコステーション,愛知県,34.607778,137.189381,mlit
23012,筆柿の里・幸田,愛知県,34.848524,137.138304,mlit
23013,にしお岡ノ山,愛知県,34.876796,137.083111,mlit
23014,瀬戸しなの,愛知県,35.242348,137.115082,mlit
23015,藤川宿,愛知県,34.914248,137.216854,mlit
23016,もっくる新城,愛知県,34.91757,137.5337,mlit
23017,とよはし,愛知県,34.69569,137.416404,osm
23018,したら,愛知県,35.064148,137.549001,osm
23019,マチテラス日進,愛知県,35.138006,137.044049,osm
24001,飯高駅,三重県,34.427567,136.331951,mlit
24002,菰野,三重県,35.013663,136.503055,mlit
24003,紀宝町ウミガメ公園,三重県,33.769819,136.028434,mlit
24004,パーク七里御浜,三重県,33.803565,136.043105,mlit
24005,海山,三重県,34.102363,136.214084,mlit
24006,奥伊勢木つつ木館,三重県,34.367591,136.418877,mlit
24007,熊野きのくに,三重県,33.959915,136.104254,mlit
24008,茶倉駅,三重県,34.460376,136.398213,mlit
24009,奥伊勢おおだい,三重県,34.393871,136.408597,mlit
24010,美杉,三重県,34.511676,136.306807,mlit
24011,関宿,三重県,34.849508,136.3927,mlit
24012,伊勢志摩,三重県,34.359461,136.798913,mlit
24013,紀伊長島マンボウ,三重県,34.217244,136.346659,mlit
24014,あやま,三重県,34.844567,136.170996,mlit
24015,いが,三重県,34.837136,136.253402,mlit
24016,津かわげ,三重県,34.796707,136.517991,mlit
24017,熊野・花の窟,三重県,33.878939,136.092541,mlit
24018,熊野・板屋九郎兵衛の里,三重県,33.876518,135.915236,mlit
25001,あいの土山,滋賀県,34.92779,136.295675,mlit
25002,くつき新本陣,滋賀県,35.351089,135.915648,mlit
25003,しんあさひ風車村,滋賀県,35.35045,136.067033,mlit
25004,東近江市あいとうマーガレットステーション,滋賀県,35.109719,136.258767,mlit
25005,びわ湖大橋米プラザ,滋賀県,35.124628,135.928183,mlit
25006,近江母の郷,滋賀県,35.343272,136.27773,mlit
25007,こんぜの里りっとう,滋賀県,34.968382,136.03912,mlit
25008,湖北みずどりステーション,滋賀県,35.445013,136.190765,mlit
25009,草津,滋賀県,35.070032,135.939251,mlit
25010,竜王かがみの里,滋賀県,35.085777,136.079297,mlit
25011,アグリの郷栗東,滋賀県,35.038734,136.001537,mlit
25012,マキノ追坂峠,滋賀県,35.481102,136.083039,mlit
25013,藤樹の里あどがわ,滋賀県,35.326199,136.030009,mlit
25014,伊吹の里,滋賀県,35.396841,136.370985,mlit
25015,塩津海道あぢかまの里,滋賀県,35.520593,136.162805,mlit
25016,せせらぎの里こうら,滋賀県,35.201844,136.275557,mlit
25017,妹子の郷,滋賀県,35.159802,135.90155,mlit
25018,奥永源寺 渓流の里,滋賀県,35.105711,136.371792,mlit
25019,アグリパーク竜王,滋賀県,35.043655,136.145266,mlit
25020,浅井三姉妹の郷,滋賀県,35.430051,136.305429,mlit
26001,舟屋の里伊根,京都府,35.674635,135.291088,mlit
26002,シルクのまち　かや,京都府,35.481558,135.093626,mlit
26003,てんきてんき丹後,京都府,35.739004,135.105239,mlit
26004,和,京都府,35.270249,135.397559,mlit
26005,ガレリアかめおか,京都府,35.014544,135.566682,mlit
26006,丹波マーケス,京都府,35.154813,135.428705,mlit
26007,瑞穂の里・さらびき,京都府,35.1673,135.361385,mlit
26008,農匠の郷やくの,京都府,35.33837,134.929796,mlit
26009,舞鶴港とれとれセンター,京都府,35.450349,135.314507,mlit
26010,京都新光悦村,京都府,35.123886,135.482213,mlit
26011,丹後王国「食のみやこ」,京都府,35.674655,135.068103,mlit
26012,美山ふれあい広場,京都府,35.277121,135.588035,mlit
26013,ウッディー京北,京都府,35.155835,135.633108,mlit
26014,くみはまSANKAIKAN,京都府,35.630467,134.931947,mlit
26015,スプリングスひよし,京都府,35.152424,135.51781,mlit
26016,京丹波　味夢の里,京都府,35.149554,135.426755,mlit
26017,海の京都　宮津,京都府,35.538336,135.193979,mlit
26018,お茶の京都　みなみやましろ村,京都府,34.765472,136.024007,mlit
27001,ちはやあかさか,大阪府,34.464276,135.625936,mlit
27002,近つ飛鳥の里太子,大阪府,34.516787,135.658405,mlit
27003,能勢（くりの郷）,大阪府,34.956657,135.400992,mlit
27004,かなん,大阪府,34.478438,135.617062,mlit
27005,しらとりの郷・羽曳野,大阪府,34.533043,135.587747,mlit
27006,いずみ山愛の里,大阪府,34.423154,135.483,mlit
27007,とっとパーク小島,大阪府,34.31511,135.099919,mlit
27008,愛彩ランド,大阪府,34.422556,135.42543,mlit
27009,みさき,大阪府,34.325936,135.17379,mlit
27010,奥河内くろまろの郷,大阪府,34.435966,135.551096,mlit
28001,はが,兵庫県,35.201623,134.522188,mlit
28002,あさご,兵庫県,35.247009,134.803884,mlit
28003,ちくさ,兵庫県,35.107958,134.441875,mlit
28004,神鍋高原,兵庫県,35.499,134.675082,mlit
28005,村岡ファームガーデン,兵庫県,35.461843,134.602902,mlit
28006,やぶ,兵庫県,35.382421,134.815914,mlit
28007,但馬楽座,兵庫県,35.379318,134.783912,mlit
28008,みなみ波賀,兵庫県,35.148305,134.539822,mlit
28009,しんぐう,兵庫県,34.922122,134.537084,mlit
28010,杉原紙の里・多可,兵庫県,35.18896,134.930123,mlit
28011,あおがき,兵庫県,35.241267,135.009844,mlit
28012,ハチ北,兵庫県,35.411442,134.599809,mlit
28013,あわじ,兵庫県,34.601354,135.00942,mlit
28014,みき,兵庫県,34.787342,134.977205,mlit
28015,うずしお,兵庫県,34.242027,134.65978,mlit
28016,播磨いちのみや,兵庫県,35.088518,134.588208,mlit
28017,フレッシュあさご,兵庫県,35.21267,134.794552,mlit
28018,宿場町ひらふく,兵庫県,35.044789,134.369443,mlit
28019,あゆの里　矢田川,兵庫県,35.556569,134.570677,mlit
28020,とうじょう,兵庫県,34.894079,135.075646,mlit
28021,いながわ,兵庫県,34.919343,135.351759,mlit
28022,東浦ターミナルパーク,兵庫県,34.537447,134.992378,mlit
28023,北はりまエコミュージアム,兵庫県,35.007794,134.987129,mlit
28024,あいおい白龍城,兵庫県,34.804286,134.461841,mlit
28025,淡河,兵庫県,34.813904,135.097418,mlit
28026,丹波おばあちゃんの里,兵庫県,35.166391,135.116725,mlit
28027,但馬のまほろば,兵庫県,35.311303,134.870108,mlit
28028,ようか但馬蔵,兵庫県,35.393994,134.742487,mlit
28029,みつ,兵庫県,34.779899,134.523245,mlit
28030,あまるべ,兵庫県,35.649119,134.56012,mlit
28031,福良,兵庫県,34.25564,134.719256,mlit
28032,山田錦発祥のまち・多可,兵庫県,35.059012,134.918762,mlit
28033,神戸フルーツ・フラワーパーク大沢,兵庫県,34.850249,135.190522,mlit
28034,山陰海岸ジオパーク浜坂の郷,兵庫県,35.610649,134.469807,mlit
28035,銀の馬車道・神河,兵庫県,35.091049,134.77821,mlit
28036,よかわ,兵庫県,32.971411,131.517609,osm
29001,吉野路　大塔,奈良県,34.214249,135.732903,mlit
29002,吉野路　上北山,奈良県,34.139756,136.000117,mlit
29003,杉の湯　川上,奈良県,34.337041,135.954886,mlit
29004,吉野路　黒滝,奈良県,34.305987,135.822886,mlit
29005,ふたかみパーク當麻,奈良県,34.526508,135.693276,mlit
29006,宇陀路大宇陀,奈良県,34.476073,135.932188,mlit
29007,十津川郷,奈良県,33.988284,135.793168,mlit
29008,宇陀路室生,奈良県,34.576544,136.034237,mlit
29009,針Ｔ・Ｒ・Ｓ,奈良県,34.610429,135.963208,mlit
29010,大和路へぐり,奈良県,34.623538,135.706248,mlit
29011,吉野路　大淀ｉセンター,奈良県,34.412209,135.796917,mlit
29012,伊勢本街道　御杖,奈良県,34.515403,136.200081,mlit
29013,かつらぎ,奈良県,34.495401,135.704788,mlit
29014,レスティ唐古・鍵,奈良県,34.571407,135.797418,mlit
29015,飛鳥,奈良県,34.464724,135.798611,mlit
29016,なら歴史芸術文化村,奈良県,34.589603,135.848056,osm
29017,クロスウェイなかまち,奈良県,34.66946,135.754987,osm
29018,きなりの郷下北山,奈良県,34.0144,135.9019,approx
30001,しみず,和歌山県,34.088245,135.44327,mlit
30002,San　Pin  中津,和歌山県,33.950318,135.263337,mlit
30003,ふるさとセンター大塔,和歌山県,33.742789,135.501854,mlit
30004,龍神,和歌山県,33.96546,135.564835,mlit
30005,イノブータンランド・すさみ,和歌山県,33.519882,135.545723,mlit
30006,志原海岸,和歌山県,33.570451,135.431421,mlit
30007,熊野古道中辺路,和歌山県,33.81208,135.594971,mlit
30008,しらまの里,和歌山県,34.015072,135.334465,mlit
30009,みなべうめ振興館,和歌山県,33.790697,135.327078,mlit
30010,紀州備長炭記念公園,和歌山県,33.803251,135.427282,mlit
30011,瀞峡街道熊野川,和歌山県,33.791406,135.897097,mlit
30012,紀の川万葉の里,和歌山県,34.28451,135.464531,mlit
30013,奥熊野古道ほんぐう,和歌山県,33.865241,135.761985,mlit
30014,おくとろ,和歌山県,33.939828,135.946428,mlit
30015,水の郷日高川　龍游,和歌山県,33.895542,135.439311,mlit
30016,明恵ふるさと館,和歌山県,34.054079,135.262895,mlit
30017,根来さくらの里,和歌山県,34.311864,135.306998,mlit
30018,あらぎの里,和歌山県,34.093046,135.412814,mlit
30019,一枚岩,和歌山県,33.545947,135.720118,mlit
30020,白崎海洋公園,和歌山県,33.977345,135.069727,mlit
30021,椿はなの湯,和歌山県,33.603276,135.391758,mlit
30022,なち,和歌山県,33.644367,135.936672,mlit
30023,瀧之拝太郎,和歌山県,33.601578,135.765646,mlit
30024,田辺市龍神ごまさんスカイタワー,和歌山県,34.061127,135.564341,mlit
30025,くしもと橋杭岩,和歌山県,33.488152,135.794406,mlit
30026,柿の郷くどやま,和歌山県,34.2932,135.555557,mlit
30027,虫喰岩,和歌山県,33.539756,135.826121,mlit
30028,くちくまの,和歌山県,33.691425,135.414569,mlit
30029,すさみ,和歌山県,33.505838,135.599887,mlit
30030,かつらぎ西,和歌山県,34.297741,135.473828,mlit
30031,たいじ,和歌山県,33.592362,135.933713,mlit
30032,青洲の里,和歌山県,34.280741,135.441755,mlit
30033,くしがきの里,和歌山県,34.31829,135.477346,mlit
30034,ねごろ歴史の丘,和歌山県,34.286813,135.311361,mlit
30035,四季の郷公園,和歌山県,34.1928,135.2389,approx
30036,海南サクアス,和歌山県,34.128212,135.170194,osm
31001,大栄,鳥取県,35.49874,133.76178,mlit
31002,三朝・楽市楽座,鳥取県,35.366321,133.850308,mlit
31003,ほうじょう,鳥取県,35.497872,133.820632,osm
31004,ポート赤碕,鳥取県,35.507059,133.662462,mlit
31005,はっとう,鳥取県,35.366534,134.339563,mlit
31006,犬挟,鳥取県,35.329304,133.7561,mlit
31007,はわい,鳥取県,35.494298,133.890476,mlit
31008,神話の里　白うさぎ,鳥取県,35.525536,134.114316,mlit
31009,清流茶屋　かわはら,鳥取県,35.393122,134.202954,mlit
31010,若桜,鳥取県,35.343886,134.400272,mlit
31011,大山恵みの里,鳥取県,35.504663,133.502081,mlit
31012,燕趙園,鳥取県,35.464691,133.89264,mlit
31013,きなんせ岩美,鳥取県,35.567411,134.325986,mlit
31014,奥大山,鳥取県,35.29611,133.474076,mlit
31015,にちなん日野川の郷,鳥取県,35.170682,133.310933,mlit
31016,琴の浦,鳥取県,35.502427,133.6585,mlit
31017,西いなば 気楽里,鳥取県,35.497461,134.053514,osm
32001,掛合の里,島根県,35.210932,132.817038,mlit
32002,頓原,島根県,35.089786,132.785617,mlit
32003,ゆうひパーク浜田,島根県,34.889025,132.071246,mlit
32004,ゆうひパーク三隅,島根県,34.820353,131.976837,mlit
32005,邑南の里,島根県,34.88,132.45,approx
32006,グリーンロード大和,島根県,34.967579,132.641738,mlit
32007,大社ご縁広場,島根県,35.389226,132.686398,mlit
32008,サンエイト美都,島根県,34.68777,132.022132,mlit
32009,奥出雲おろちループ,島根県,35.095954,133.127831,mlit
32010,広瀬・富田城,島根県,35.368338,133.180614,mlit
32011,赤来高原,島根県,34.999046,132.713808,mlit
32012,かきのきむら,島根県,34.442285,131.867742,mlit
32013,キララ多伎,島根県,35.290726,132.632428,mlit
32014,湯の川,島根県,35.395672,132.869297,mlit
32015,シルクウェイにちはら,島根県,34.553541,131.808066,mlit
32016,秋鹿なぎさ公園,島根県,35.474545,132.950724,mlit
32017,津和野温泉なごみの里,島根県,34.450178,131.760771,mlit
32018,さくらの里きすき,島根県,35.318905,132.912142,mlit
32019,本庄,島根県,35.518244,133.136587,mlit
32020,匹見峡,島根県,34.643441,132.091415,mlit
32021,酒蔵奥出雲交流館,島根県,35.227205,133.086772,mlit
32022,インフォメーションセンターかわもと,島根県,34.966,132.47299,mlit
32023,むいかいち温泉,島根県,34.35291,131.943843,mlit
32024,ロード銀山,島根県,35.222053,132.514011,mlit
32025,サンピコごうつ,島根県,35.045125,132.29894,mlit
32026,おろちの里,島根県,35.220303,132.962075,mlit
32027,あらエッサ,島根県,35.409548,133.312406,mlit
32028,たたらば壱番地,島根県,35.167018,132.830279,mlit
32029,ごいせ仁摩,島根県,35.145955,132.412989,osm
33001,かもがわ円城,岡山県,34.892286,133.813971,mlit
33002,がいせん桜　新庄宿,岡山県,35.175742,133.571936,osm
33003,あわくらんど,岡山県,35.180196,134.33522,mlit
33004,くめなん,岡山県,34.912267,133.947028,mlit
33005,みやま公園,岡山県,34.520201,133.926904,mlit
33006,一本松展望園,岡山県,34.65636,134.165713,mlit
33007,黒井山グリーンパーク,岡山県,34.693559,134.20531,mlit
33008,鯉が窪,岡山県,34.93205,133.331722,mlit
33009,蒜山高原,岡山県,35.294904,133.66756,mlit
33010,風の家,岡山県,35.276831,133.623942,mlit
33011,彩菜茶屋,岡山県,35.014721,134.150897,mlit
33012,奥津温泉,岡山県,35.223386,133.922855,mlit
33013,久米の里,岡山県,35.056042,133.922895,mlit
33014,醍醐の里,岡山県,34.99104,133.725533,mlit
33015,かよう,岡山県,34.816441,133.705327,mlit
33016,笠岡ベイファーム,岡山県,34.473317,133.500244,mlit
33017,山陽道やかげ宿,岡山県,34.623654,133.592361,osm
34001,リストアステーション,広島県,34.784591,133.071314,mlit
34002,遊ＹＯＵさろん東城,広島県,34.88967,133.275712,mlit
34003,さんわ182ステーション,広島県,34.673486,133.299869,mlit
34004,豊平どんぐり村,広島県,34.646858,132.444698,mlit
34005,来夢とごうち,広島県,34.574415,132.269829,mlit
34006,よがんす白竜,広島県,34.506471,132.913945,mlit
34007,アリストぬまくま,広島県,34.394684,133.317308,mlit
34008,スパ羅漢,広島県,34.389119,132.104251,mlit
34009,ゆめランド布野,広島県,34.85579,132.797055,mlit
34010,ふぉレスト君田,広島県,34.899067,132.849485,mlit
34011,クロスロードみつぎ,広島県,34.511516,133.144662,mlit
34012,舞ロードＩＣ千代田,広島県,34.674541,132.541233,mlit
34013,北の関宿安芸高田,広島県,34.72105,132.681051,mlit
34014,湖畔の里福富,広島県,34.532233,132.775986,mlit
34015,たけはら,広島県,34.343938,132.912168,mlit
34016,みはら神明の里,広島県,34.396828,133.103886,mlit
34017,たかの,広島県,35.024058,132.881598,mlit
34018,世羅,広島県,34.59638,133.0841,mlit
34019,びんご府中,広島県,34.56977,133.235633,mlit
34020,三矢の里あきたかた,広島県,34.7194,132.6889,approx
34021,西条のん太の酒蔵,広島県,34.433767,132.703576,osm
35001,阿武町,山口県,34.497119,131.468069,mlit
35002,萩往還,山口県,34.369527,131.413065,mlit
35003,あさひ,山口県,34.286296,131.459512,mlit
35004,あいお,山口県,34.028805,131.457246,mlit
35005,ゆとりパークたまがわ,山口県,34.648504,131.665035,mlit
35006,サザンセトとうわ,山口県,33.904161,132.341715,mlit
35007,きくがわ,山口県,34.126247,131.031689,mlit
35008,ハピネスふくえ,山口県,34.433908,131.48264,mlit
35009,長門峡,山口県,34.303135,131.576276,mlit
35010,ピュアラインにしき,山口県,34.278396,131.969537,mlit
35011,おふく,山口県,34.237947,131.208496,mlit
35012,みとう,山口県,34.218183,131.343934,mlit
35013,仁保の郷,山口県,34.21091,131.559363,mlit
35014,萩しーまーと,山口県,34.426246,131.414621,mlit
35015,願成就温泉,山口県,34.434433,131.770512,mlit
35016,うり坊の郷ｋａｔａｍａｔａ,山口県,34.483226,131.632274,mlit
35017,蛍街道西ノ市,山口県,34.198396,131.076731,mlit
35018,きらら　あじす,山口県,34.012855,131.369561,mlit
35019,萩・さんさん三見,山口県,34.38893,131.321968,mlit
35020,北浦街道　豊北,山口県,34.310399,130.88867,mlit
35021,ソレーネ周南,山口県,34.074899,131.688204,mlit
35022,上関海峡,山口県,33.833004,132.11652,mlit
35023,潮彩市場防府,山口県,34.038071,131.597679,mlit
35024,センザキッチン,山口県,34.388466,131.202713,mlit
36001,貞光ゆうゆう館,徳島県,34.042626,134.06003,mlit
36002,鷲の里,徳島県,33.863199,134.502284,mlit
36003,宍喰温泉,徳島県,33.569063,134.307283,mlit
36004,どなり,徳島県,34.150942,134.352444,mlit
36005,にしいや,徳島県,33.889169,133.811312,mlit
36006,わじき,徳島県,33.869008,134.554696,mlit
36007,公方の郷なかがわ,徳島県,33.952932,134.667814,mlit
36008,もみじ川温泉,徳島県,33.797698,134.446217,mlit
36009,温泉の里神山,徳島県,33.973568,134.367684,mlit
36010,藍ランドうだつ,徳島県,34.066975,134.146514,mlit
36011,三野,徳島県,34.050487,133.932482,mlit
36012,日和佐,徳島県,33.73029,134.530247,mlit
36013,第九の里,徳島県,34.16389,134.498814,mlit
36014,大歩危,徳島県,33.881363,133.76004,mlit
36015,ひなの里かつうら,徳島県,33.932192,134.522832,mlit
36016,みまの里,徳島県,34.050557,134.05889,mlit
36017,いたの,徳島県,34.136586,134.473661,osm
36018,くるくる なると,徳島県,34.158348,134.579794,osm
37001,瀬戸大橋記念公園,香川県,34.352689,133.826128,mlit
37002,津田の松原,香川県,34.285271,134.253249,mlit
37003,ことひき,香川県,34.130599,133.643716,mlit
37004,ふれあいパークみの,香川県,34.226348,133.722855,mlit
37005,小豆島オリーブ公園,香川県,34.472848,134.27364,mlit
37006,小豆島ふるさと村,香川県,34.471019,134.236154,mlit
37007,空の夢もみの木パーク,香川県,34.15485,133.821551,mlit
37008,みろく,香川県,34.25819,134.242466,mlit
37009,しおのえ,香川県,34.170204,134.082067,mlit
37010,滝宮,香川県,34.249777,133.917359,mlit
37011,ことなみ,香川県,34.095094,134.007744,mlit
37012,恋人の聖地　うたづ臨海公園,香川県,34.313388,133.807966,mlit
37013,とよはま,香川県,34.042768,133.601307,mlit
37014,たからだの里さいた,香川県,34.109652,133.796699,mlit
37015,大坂城残石記念公園,香川県,34.533907,134.242185,mlit
37016,ながお,香川県,34.22136,134.175,mlit
37017,香南楽湯,香川県,34.239419,134.007288,mlit
37018,源平の里むれ,香川県,34.333725,134.157497,mlit
38001,佐田岬半島ミュージアム,愛媛県,33.3725,132.3522,approx
38002,マイントピア別子,愛媛県,33.901924,133.309856,mlit
38003,日吉夢産地,愛媛県,33.330234,132.798245,mlit
38004,ひろた,愛媛県,33.640379,132.799821,mlit
38005,ふたみ,愛媛県,33.685118,132.634032,mlit
38006,内子フレッシュパークからり,愛媛県,33.554906,132.65829,mlit
38007,伊方きらら館,愛媛県,33.480894,132.307546,mlit
38008,きなはい屋しろかわ,愛媛県,33.379789,132.749358,mlit
38009,みしょうＭＩＣ,愛媛県,32.95878,132.561599,mlit
38010,今治湯ノ浦温泉,愛媛県,33.992858,133.048412,mlit
38011,虹の森公園まつの,愛媛県,33.229785,132.709493,mlit
38012,広見森の三角ぼうし,愛媛県,33.253857,132.687127,mlit
38013,伯方Ｓ・Ｃパーク,愛媛県,34.202813,133.075515,mlit
38014,今治市多々羅しまなみ公園,愛媛県,34.254848,133.054506,mlit
38015,しまなみの駅御島,愛媛県,34.248962,133.005253,mlit
38016,小松オアシス,愛媛県,33.883689,133.107622,mlit
38017,みかわ,愛媛県,33.614533,132.969656,mlit
38018,清流の里ひじかわ,愛媛県,33.461122,132.676699,mlit
38019,よしうみいきいき館,愛媛県,34.12747,133.021945,mlit
38020,風早の郷風和里,愛媛県,33.996706,132.772282,mlit
38021,みま,愛媛県,33.286348,132.596014,mlit
38022,小田の郷せせらぎ,愛媛県,33.568504,132.800752,mlit
38023,うわじま　きさいや広場,愛媛県,33.222423,132.558235,mlit
38024,霧の森,愛媛県,33.924187,133.64111,mlit
38025,八幡浜みなっと,愛媛県,33.458163,132.418138,mlit
38026,津島やすらぎの里,愛媛県,33.139682,132.520302,mlit
38027,どんぶり館,愛媛県,33.354977,132.527136,mlit
38028,天空の郷さんさん,愛媛県,33.661136,132.898713,mlit
38029,なかやま,愛媛県,33.669723,132.695,mlit
39001,大杉,高知県,33.750923,133.6634,mlit
39002,すくも,高知県,32.916165,132.712529,mlit
39003,大月,高知県,32.828752,132.709314,mlit
39004,四万十大正,高知県,33.182567,132.971321,mlit
39005,ゆすはら,高知県,33.388359,132.944983,mlit
39006,南国風良里,高知県,33.6112,133.642152,mlit
39007,美良布,高知県,33.648147,133.782498,mlit
39008,布施ヶ坂,高知県,33.426632,133.099612,mlit
39009,キラメッセ室戸,高知県,33.30643,134.11021,mlit
39010,土佐和紙工芸村,高知県,33.573534,133.366191,mlit
39011,土佐さめうら,高知県,33.742644,133.544235,mlit
39012,大山,高知県,33.4701,133.944069,mlit
39013,かわうその里すさき,高知県,33.38766,133.274677,mlit
39014,あぐり窪川,高知県,33.231165,133.149186,mlit
39015,木の香,高知県,33.779824,133.307692,mlit
39016,めじかの里土佐清水,高知県,32.793514,132.883186,mlit
39017,やす,高知県,33.534137,133.753852,mlit
39018,６３３美の里,高知県,33.643674,133.32832,mlit
39019,田野駅屋,高知県,33.430155,134.007839,mlit
39020,ビオスおおがた,高知県,33.035077,133.027068,mlit
39021,四万十とおわ,高知県,33.223912,132.835433,mlit
39022,なぶら土佐佐賀,高知県,33.086739,133.101781,mlit
39023,よって西土佐,高知県,33.173256,132.7891,mlit
39024,なかとさ,高知県,33.322394,133.235246,mlit
39025,まきのさんの道の駅・佐川,高知県,33.503076,133.317381,osm
39026,東洋町,高知県,33.523071,134.242942,osm
40001,原鶴,福岡県,33.353765,130.784677,mlit
40002,豊前おこしかけ,福岡県,33.614137,131.100881,mlit
40003,小石原,福岡県,33.465112,130.825809,mlit
40004,しんよしとみ,福岡県,33.588716,131.154308,mlit
40005,うきは,福岡県,33.334015,130.818166,mlit
40006,おおむた,福岡県,33.073248,130.532191,mlit
40007,たちばな,福岡県,33.187442,130.610415,mlit
40008,うすい,福岡県,33.563949,130.713259,mlit
40009,歓遊舎ひこさん,福岡県,33.549025,130.859957,mlit
40010,むなかた,福岡県,33.848473,130.503451,mlit
40011,くるめ,福岡県,33.319043,130.594211,mlit
40012,香春,福岡県,33.67659,130.859982,mlit
40013,おおき,福岡県,33.217906,130.437973,mlit
40014,おおとう桜街道,福岡県,33.626154,130.84517,mlit
40015,みやま,福岡県,33.148218,130.48454,mlit
40016,いとだ,福岡県,33.641912,130.764694,mlit
40017,筑前みなみの里,福岡県,33.467317,130.623796,osm
41001,鹿島,佐賀県,33.075016,130.145747,mlit
41002,厳木,佐賀県,33.311119,130.071911,mlit
41003,伊万里,佐賀県,33.31362,129.928959,mlit
41004,桃山天下市,佐賀県,33.528533,129.873141,mlit
41005,山内,佐賀県,33.191781,129.956161,mlit
41006,大和,佐賀県,33.339017,130.257828,mlit
41007,吉野ヶ里,佐賀県,33.380496,130.397315,mlit
41008,太良,佐賀県,33.046989,130.169359,mlit
41009,しろいし,佐賀県,33.176871,130.196458,mlit
41010,うれしの まるく,佐賀県,33.106376,129.997863,osm
41011,かみみね,佐賀県,33.318582,130.425979,osm
42001,生月大橋,長崎県,33.355186,129.433555,mlit
42002,ひまわり,長崎県,32.903212,129.976167,osm
42003,昆虫の里たびら,長崎県,33.317708,129.603114,mlit
42004,彼杵の荘,長崎県,33.035851,129.919935,mlit
42005,さいかい,長崎県,33.042993,129.695701,mlit
42006,夕陽が丘そとめ,長崎県,32.835899,129.703763,mlit
42007,松浦海のふるさと館,長崎県,33.348684,129.701515,mlit
42008,遣唐使ふるさと館,長崎県,32.738279,128.690364,mlit
42009,鷹ら島,長崎県,33.433855,129.782362,mlit
42010,させぼっくす　９９,長崎県,33.201501,129.671634,mlit
42011,長崎街道鈴田峠,長崎県,32.885378,130.007464,mlit
42012,２５１いいもりじゃがーロード,長崎県,32.785249,130.046005,osm
43001,小国,熊本県,33.123101,131.064689,mlit
43002,波野,熊本県,32.959913,131.197442,mlit
43003,旭志,熊本県,32.931259,130.830272,mlit
43004,大津,熊本県,32.881101,130.890813,mlit
43005,坂本,熊本県,32.426674,130.640938,mlit
43006,不知火,熊本県,32.633706,130.628711,mlit
43007,有明,熊本県,32.505519,130.30576,mlit
43008,鹿北,熊本県,33.113638,130.668846,mlit
43009,七城メロンドーム,熊本県,32.979936,130.770328,mlit
43010,泗水,熊本県,32.925035,130.771389,mlit
43011,きくすい,熊本県,32.973351,130.602318,mlit
43012,清和文楽邑,熊本県,32.690643,131.09135,mlit
43013,通潤橋,熊本県,32.681489,130.991663,mlit
43014,竜北,熊本県,32.576771,130.694735,mlit
43015,錦,熊本県,32.20587,130.845164,mlit
43016,たのうら,熊本県,32.364567,130.51245,mlit
43017,子守唄の里　五木,熊本県,32.399317,130.826733,mlit
43018,宇土マリーナ,熊本県,32.662242,130.522698,mlit
43019,阿蘇,熊本県,32.937034,131.080917,mlit
43020,みなまた,熊本県,32.199169,130.381702,mlit
43021,うき,熊本県,32.651194,130.697734,mlit
43022,そよ風パーク,熊本県,32.726612,131.163458,mlit
43023,大野温泉,熊本県,32.289886,130.58215,mlit
43024,美里「佐俣の湯」,熊本県,32.623592,130.822704,mlit
43025,上天草さんぱーる,熊本県,32.577138,130.420142,mlit
43026,うしぶか海彩館,熊本県,32.193836,130.026968,mlit
43027,あそ望の郷くぎの,熊本県,32.81851,131.041526,mlit
43028,水辺プラザかもと,熊本県,32.987162,130.7559,mlit
43029,すいかの里植木,熊本県,32.907939,130.692874,mlit
43030,芦北でこぽん,熊本県,32.302882,130.508036,mlit
43031,﨑津,熊本県,32.316802,130.025393,osm
43032,天草市イルカセンター,熊本県,32.545521,130.131248,osm
43033,人吉,熊本県,32.193369,130.789396,osm
43034,宮地岳かかしの里,熊本県,32.384858,130.12647,osm
43035,東陽,熊本県,32.802412,130.728721,osm
43036,秘境の郷いずみ,熊本県,32.4839,130.805,approx
43037,ウェルネスあらお,熊本県,32.991151,130.427912,osm
44001,原尻の滝,大分県,32.965666,131.4522,mlit
44002,宇目,大分県,32.803732,131.610396,mlit
44003,竹田,大分県,32.985585,131.340468,mlit
44004,佐賀関,大分県,33.247211,131.82843,mlit
44005,やまくに,大分県,33.406373,131.061468,mlit
44006,耶馬トピア,大分県,33.489841,131.174536,mlit
44007,あさじ,大分県,33.002562,131.448073,mlit
44008,いんない,大分県,33.423818,131.320207,mlit
44009,せせらぎ郷かみつえ,大分県,33.112561,130.961936,mlit
44010,やよい,大分県,32.964569,131.838684,mlit
44011,鯛生金山,大分県,33.129157,130.882621,mlit
44012,きよかわ,大分県,32.971563,131.518011,mlit
44013,ゆふいん,大分県,33.260646,131.327088,mlit
44014,みえ,大分県,33.02869,131.621548,mlit
44015,くにさき,大分県,33.545662,131.739729,mlit
44016,水辺の郷おおやま,大分県,33.24791,130.972093,mlit
44017,かまえ,大分県,32.801772,131.924318,mlit
44018,ながゆ温泉,大分県,33.071666,131.38307,mlit
44019,おおの,大分県,33.036253,131.502906,mlit
44020,くにみ,大分県,33.680502,131.605745,mlit
44021,童話の里　くす,大分県,33.289337,131.156932,mlit
44022,すごう,大分県,32.956639,131.294106,mlit
44023,なかつ,大分県,33.55161,131.214106,mlit
44024,慈恩の滝　くす,大分県,33.265953,131.068506,mlit
44025,のつはる,大分県,33.163827,131.52732,osm
44026,たのうらら,大分県,33.255928,131.555656,osm
45001,高岡,宮崎県,31.945737,131.340555,mlit
45002,北川はゆま,宮崎県,32.666036,131.704594,mlit
45003,青雲橋,宮崎県,32.66064,131.388496,mlit
45004,山之口,宮崎県,31.79442,131.202615,mlit
45005,北浦,宮崎県,32.684792,131.800904,mlit
45006,田野,宮崎県,31.796218,131.306943,mlit
45007,酒谷,宮崎県,31.641714,131.266243,mlit
45008,とうごう,宮崎県,32.391369,131.513581,mlit
45009,都城NiQLL,宮崎県,31.76867,131.095148,mlit
45010,ゆ～ぱるのじり,宮崎県,31.964729,131.081737,osm
45011,なんごう,宮崎県,31.503058,131.378932,mlit
45012,日向,宮崎県,32.343361,131.624044,mlit
45013,高千穂,宮崎県,32.708443,131.300435,mlit
45014,フェニックス,宮崎県,31.768983,131.478425,mlit
45015,つの,宮崎県,32.260301,131.558035,mlit
45016,えびの,宮崎県,32.050182,130.805598,mlit
45017,北方よっちみろ屋,宮崎県,32.595757,131.49193,mlit
45018,くしま,宮崎県,31.462675,131.228981,osm
45019,きたごう,宮崎県,31.6378,131.3914,approx
46001,喜入,鹿児島県,31.378962,130.545172,mlit
46002,霧島,鹿児島県,31.863242,130.851291,mlit
46003,樋脇,鹿児島県,31.796446,130.407368,mlit
46004,松山,鹿児島県,31.581588,131.042414,mlit
46005,阿久根,鹿児島県,31.94592,130.216475,mlit
46006,長島,鹿児島県,32.161696,130.109239,mlit
46007,くにの松原おおさき,鹿児島県,31.43782,131.030758,mlit
46008,根占,鹿児島県,31.185538,130.767315,mlit
46009,川辺やすらぎの郷,鹿児島県,31.412734,130.432897,mlit
46010,奄美大島住用,鹿児島県,28.259644,129.408837,mlit
46011,桜島,鹿児島県,31.589374,130.598804,mlit
46012,きんぽう木花館,鹿児島県,31.465425,130.345562,mlit
46013,おおすみ弥五郎伝説の里,鹿児島県,31.593119,130.991067,mlit
46014,たからべ,鹿児島県,31.728704,130.998703,mlit
46015,いぶすき,鹿児島県,31.302215,130.590044,mlit
46016,たるみず,鹿児島県,31.558788,130.744565,mlit
46017,すえよし,鹿児島県,31.688333,130.970344,mlit
46018,黒之瀬戸だんだん市場,鹿児島県,32.108278,130.170919,mlit
46019,山川港活お海道,鹿児島県,31.203017,130.634914,mlit
46020,錦江にしきの里,鹿児島県,31.273659,130.792437,mlit
46021,野方あらさの,鹿児島県,31.50002,130.9242,mlit
46022,たるみずはまびら,鹿児島県,31.468612,130.698057,mlit
46023,とくのしま,鹿児島県,27.777503,128.958071,osm
47001,許田,沖縄県,26.552069,127.96932,mlit
47002,おおぎみ,沖縄県,26.690321,128.108114,mlit
47003,ゆいゆい国頭,沖縄県,26.73198,128.169362,mlit
47004,かでな,沖縄県,26.368112,127.774148,mlit
47005,喜名番所,沖縄県,26.399342,127.758204,mlit
47006,豊崎,沖縄県,26.157695,127.655333,mlit
47007,いとまん,沖縄県,26.138496,127.661156,mlit
47008,ぎのざ,沖縄県,26.473874,127.952328,mlit
47009,サンライズひがし,沖縄県,26.631128,128.153681,osm
47010,やんばるパイナップルの丘安波,沖縄県,26.705003,128.280746,osm
